name,score,raw_score,evidence_gate_status,target_universe_type,county,sector,gics_industry_group,source_confidence_label,next_action,report_href
"Nightingale Nursing Home, Lowville, Ahascragh, Ballinasloe, County Galway",76.8,76.8,investment_ready,advertised_sale_listing,Galway,Businesses,Health Care Equipment & Services,public profile,prioritise_for_manual_origination_review,ic_packs/name-county-nightingale-nursing-home-lowville-ahascragh-ballinasloe-county-galway-galway/ic_draft.html
Airflow Air Refrigeration (Galway) Limited,67.9,71.9,origination_ready,operating_sme,Galway,Industrials & Engineering,Energy,public profile,research_and_enrich_before_outreach,ic_packs/name-county-airflow-air-refrigeration-galway-galway/ic_draft.html
Pat Kelly Plumbing and Heating Contractors (Galway) Limited,67.6,71.6,origination_ready,operating_sme,Galway,Construction & Built Environment,Capital Goods & Commercial Services,public profile,research_and_enrich_before_outreach,ic_packs/name-county-pat-kelly-plumbing-and-heating-contractors-galway-galway/ic_draft.html
Coen Steel Limited,65.5,69.5,origination_ready,operating_sme,Galway,Industrials & Engineering,Capital Goods & Commercial Services,public profile,research_and_enrich_before_outreach,ic_packs/name-county-coen-steel-galway/ic_draft.html
Galway Ideal Installation & Construction Co. Limited,64.6,68.6,origination_ready,operating_sme,Galway,Industrials & Engineering,Real Estate Management & Development,public profile,research_and_enrich_before_outreach,ic_packs/name-county-galway-ideal-installation-construction-galway/ic_draft.html
Logistics and Warehousing Solutions Provider,64.5,68.5,origination_ready,advertised_sale_listing,Ireland,Food & Agribusiness,"Food, Beverage & Tobacco",live listing,research_and_enrich_before_outreach,ic_packs/name-county-logistics-and-warehousing-solutions-provider-ireland/ic_draft.html
"Mortons of Galway, Salthill, Galway., Salthill, Galway City",63.0,67.0,origination_ready,advertised_sale_listing,Galway,facilities,Software & Services,public profile,research_and_enrich_before_outreach,ic_packs/name-county-mortons-of-galway-salthill-galway-salthill-galway-city-galway/ic_draft.html
"Fertilizer Company for Sale in Wexford, Ireland",62.8,66.8,origination_ready,advertised_sale_listing,Wexford,Industrials & Engineering,Software & Services,live listing,research_and_enrich_before_outreach,ic_packs/name-county-fertilizer-for-sale-in-wexford-ireland-wexford/ic_draft.html
Galway Stationery Supplies Limited,62.8,66.8,origination_ready,operating_sme,Galway,Food & Agribusiness,"Food, Beverage & Tobacco",public profile,research_and_enrich_before_outreach,ic_packs/name-county-galway-stationery-supplies-galway/ic_draft.html
Highly-Regarded Building and Civil Engineering,62.8,66.8,origination_ready,advertised_sale_listing,Ireland,Industrials & Engineering,Real Estate Management & Development,live listing,research_and_enrich_before_outreach,ic_packs/name-county-highly-regarded-building-and-civil-engineering-ireland/ic_draft.html
Innovative HVAC Solutions,62.8,66.8,origination_ready,advertised_sale_listing,Ireland,Industrials & Engineering,Software & Services,live listing,research_and_enrich_before_outreach,ic_packs/name-county-innovative-hvac-solutions-ireland/ic_draft.html
Integrated Building Support and Safety Solutions,62.8,66.8,origination_ready,advertised_sale_listing,Ireland,Industrials & Engineering,Capital Goods & Commercial Services,live listing,research_and_enrich_before_outreach,ic_packs/name-county-integrated-building-support-and-safety-solutions-ireland/ic_draft.html
"IT Consultancy Company for Sale in Dublin, Ireland",62.8,66.8,origination_ready,advertised_sale_listing,Dublin,Construction & Built Environment,Software & Services,live listing,research_and_enrich_before_outreach,ic_packs/name-county-it-consultancy-for-sale-in-dublin-ireland-dublin/ic_draft.html
"Online Marketplace Company for Sale in Dublin, Ireland",62.8,66.8,origination_ready,advertised_sale_listing,Dublin,Construction & Built Environment,Software & Services,live listing,research_and_enrich_before_outreach,ic_packs/name-county-online-marketplace-for-sale-in-dublin-ireland-dublin/ic_draft.html
Plant and Machinery Leasing,62.8,66.8,origination_ready,advertised_sale_listing,Ireland,Industrials & Engineering,"Food, Beverage & Tobacco",live listing,research_and_enrich_before_outreach,ic_packs/name-county-plant-and-machinery-leasing-ireland/ic_draft.html
"Profitable Commercial Nurseries Company for Sale in Galway, Ireland",62.8,66.8,origination_ready,advertised_sale_listing,Galway,Commercial Nurseries,Software & Services,live listing,research_and_enrich_before_outreach,ic_packs/name-county-profitable-commercial-nurseries-for-sale-in-galway-ireland-galway/ic_draft.html
"Solar Projects Company for Sale in Dublin, Ireland",62.8,66.8,origination_ready,advertised_sale_listing,Dublin,Industrials & Engineering,Software & Services,live listing,research_and_enrich_before_outreach,ic_packs/name-county-solar-projects-for-sale-in-dublin-ireland-dublin/ic_draft.html
Kevin Walsh Plumbing (Galway) Limited,62.7,66.7,origination_ready,operating_sme,Galway,Construction & Built Environment,Capital Goods & Commercial Services,public profile,research_and_enrich_before_outreach,ic_packs/name-county-kevin-walsh-plumbing-galway-galway/ic_draft.html
Galway Stainless Steel Limited,62.5,66.5,origination_ready,operating_sme,Galway,Industrials & Engineering,Materials,public profile,research_and_enrich_before_outreach,ic_packs/name-county-galway-stainless-steel-galway/ic_draft.html
Bellville Building & Construction Galway Limited,61.9,65.9,origination_ready,operating_sme,Galway,Industrials & Engineering,Software & Services,public profile,research_and_enrich_before_outreach,ic_packs/name-county-bellville-building-construction-galway-galway/ic_draft.html
Spellman Construction Claregalway Limited,61.9,65.9,origination_ready,operating_sme,Galway,Construction & Built Environment,Capital Goods & Commercial Services,public profile,research_and_enrich_before_outreach,ic_packs/name-county-spellman-construction-claregalway-galway/ic_draft.html
"Newly Established Fabricated Metal Products Company Seeking Loan in Galway, Ireland",61.8,65.8,origination_ready,advertised_sale_listing,Galway,Industrials & Engineering,Consumer Services,live listing,research_and_enrich_before_outreach,ic_packs/name-county-newly-established-fabricated-metal-products-seeking-loan-in-galway-ireland-galway/ic_draft.html
Refrigeration Service and Supply Provider,61.8,65.8,origination_ready,advertised_sale_listing,Northern Ireland,Industrials & Engineering,Software & Services,live listing,research_and_enrich_before_outreach,ic_packs/name-county-refrigeration-service-and-supply-provider-northern-ireland/ic_draft.html
"O'Connor Fuels, 2 St Endas Avenue, Tuam, Galway",60.6,64.6,origination_ready,advertised_sale_listing,Galway,agri_food,Software & Services,public profile,research_and_enrich_before_outreach,ic_packs/name-county-o-connor-fuels-2-st-endas-avenue-tuam-galway-galway/ic_draft.html
Cara Landscapes,60.2,64.2,origination_ready,advertised_sale_listing,Galway,Landscaping / Grounds Services,Energy,public profile,research_and_enrich_before_outreach,ic_packs/name-county-cara-landscapes-galway/ic_draft.html
Landscaping Galway,60.2,64.2,origination_ready,advertised_sale_listing,Galway,Landscaping / Grounds Services,"Food, Beverage & Tobacco",public profile,research_and_enrich_before_outreach,ic_packs/name-county-landscaping-galway-galway/ic_draft.html
Award Winning Beauty Salon With Prime Location,60.1,64.1,origination_ready,advertised_sale_listing,Dublin,Retail & Consumer,Health Care Equipment & Services,live listing,research_and_enrich_before_outreach,ic_packs/name-county-award-winning-beauty-salon-with-prime-location-dublin/ic_draft.html
Award-Winning Beauty Salon,60.1,64.1,origination_ready,advertised_sale_listing,Ireland,Retail & Consumer,Health Care Equipment & Services,live listing,research_and_enrich_before_outreach,ic_packs/name-county-award-winning-beauty-salon-ireland/ic_draft.html
B2B Food Distribution,60.1,64.1,origination_ready,advertised_sale_listing,Ireland,Food & Agribusiness,"Food, Beverage & Tobacco",live listing,research_and_enrich_before_outreach,ic_packs/name-county-b2b-food-distribution-ireland/ic_draft.html
Building and Construction Solutions,60.1,64.1,origination_ready,advertised_sale_listing,Ireland,Construction & Built Environment,Consumer Services,live listing,research_and_enrich_before_outreach,ic_packs/name-county-building-and-construction-solutions-ireland/ic_draft.html
"Carpentry Company Seeking Loan in Carlow, Ireland",60.1,64.1,origination_ready,advertised_sale_listing,Carlow,Construction & Built Environment,Consumer Services,live listing,research_and_enrich_before_outreach,ic_packs/name-county-carpentry-seeking-loan-in-carlow-ireland-carlow/ic_draft.html
Concrete Solutions and Installation Specialists,60.1,64.1,origination_ready,advertised_sale_listing,Northern Ireland,Construction & Built Environment,Capital Goods & Commercial Services,live listing,research_and_enrich_before_outreach,ic_packs/name-county-concrete-solutions-and-installation-specialists-northern-ireland/ic_draft.html
Dental and Aesthetic Clinic,60.1,64.1,origination_ready,advertised_sale_listing,Ireland,Healthcare & Life Sciences,Health Care Equipment & Services,live listing,research_and_enrich_before_outreach,ic_packs/name-county-dental-and-aesthetic-clinic-ireland/ic_draft.html
Established Dental Laboratory With Strong Reputation,60.1,64.1,origination_ready,advertised_sale_listing,Dublin,Healthcare & Life Sciences,Health Care Equipment & Services,live listing,research_and_enrich_before_outreach,ic_packs/name-county-established-dental-laboratory-with-strong-reputation-dublin/ic_draft.html
Food Production Company in Cork,60.1,64.1,origination_ready,advertised_sale_listing,Cork,Industrials & Engineering,"Food, Beverage & Tobacco",live listing,research_and_enrich_before_outreach,ic_packs/name-county-food-production-in-cork-cork/ic_draft.html
Healthcare Services Provider,60.1,64.1,origination_ready,advertised_sale_listing,Ireland,Business Services,Health Care Equipment & Services,live listing,research_and_enrich_before_outreach,ic_packs/name-county-healthcare-services-provider-ireland/ic_draft.html
High Performance Plastics Engineering Solutions,60.1,64.1,origination_ready,advertised_sale_listing,Northern Ireland,Industrials & Engineering,Capital Goods & Commercial Services,live listing,research_and_enrich_before_outreach,ic_packs/name-county-high-performance-plastics-engineering-solutions-northern-ireland/ic_draft.html
Industrial Engineering and Technical Solutions,60.1,64.1,origination_ready,advertised_sale_listing,Ireland,Industrials & Engineering,Capital Goods & Commercial Services,live listing,research_and_enrich_before_outreach,ic_packs/name-county-industrial-engineering-and-technical-solutions-ireland/ic_draft.html
Mechanical and Electrical Engineering,60.1,64.1,origination_ready,advertised_sale_listing,Ireland,Industrials & Engineering,Capital Goods & Commercial Services,live listing,research_and_enrich_before_outreach,ic_packs/name-county-mechanical-and-electrical-engineering-ireland/ic_draft.html
"Newly Established Real Estate Construction Company Seeking Loan in Dublin, Ireland",60.1,64.1,origination_ready,advertised_sale_listing,Dublin,Construction & Built Environment,Real Estate Management & Development,live listing,research_and_enrich_before_outreach,ic_packs/name-county-newly-established-real-estate-construction-seeking-loan-in-dublin-ireland-dublin/ic_draft.html
"Profitable Art Gallery for Sale in Dublin, Ireland",60.1,64.1,origination_ready,advertised_sale_listing,Dublin,Business Services,Software & Services,live listing,research_and_enrich_before_outreach,ic_packs/name-county-profitable-art-gallery-for-sale-in-dublin-ireland-dublin/ic_draft.html
Shading Solutions Manufacturer,60.1,64.1,origination_ready,advertised_sale_listing,Ireland,Industrials & Engineering,Capital Goods & Commercial Services,live listing,research_and_enrich_before_outreach,ic_packs/name-county-shading-solutions-manufacturer-ireland/ic_draft.html
Specialist Manufacturer of Certified Joinery,60.1,64.1,origination_ready,advertised_sale_listing,Ireland,Industrials & Engineering,Capital Goods & Commercial Services,live listing,research_and_enrich_before_outreach,ic_packs/name-county-specialist-manufacturer-of-certified-joinery-ireland/ic_draft.html
Specialist Manufacturer of High-Quality Furniture Shells,60.1,64.1,origination_ready,advertised_sale_listing,Ireland,Retail & Consumer,Consumer Services,live listing,research_and_enrich_before_outreach,ic_packs/name-county-specialist-manufacturer-of-high-quality-furniture-shells-ireland/ic_draft.html
SQUAT Dental Practice,60.1,64.1,origination_ready,advertised_sale_listing,Northern Ireland,Healthcare & Life Sciences,Health Care Equipment & Services,live listing,research_and_enrich_before_outreach,ic_packs/name-county-squat-dental-practice-northern-ireland/ic_draft.html
"Telemedicine Company for Sale in Dublin, Ireland",60.1,64.1,origination_ready,advertised_sale_listing,Dublin,Healthcare & Life Sciences,Health Care Equipment & Services,live listing,research_and_enrich_before_outreach,ic_packs/name-county-telemedicine-for-sale-in-dublin-ireland-dublin/ic_draft.html
Well-established Private GP Practice With Strong Patient Base In Dublin,60.1,64.1,origination_ready,advertised_sale_listing,Dublin,Healthcare & Life Sciences,Health Care Equipment & Services,live listing,research_and_enrich_before_outreach,ic_packs/name-county-well-established-private-gp-practice-with-strong-patient-base-in-dublin-dublin/ic_draft.html
Primary Care (Galway City East Health Centre) Limited,59.6,63.6,origination_ready,operating_sme,Galway,Healthcare & Life Sciences,Health Care Equipment & Services,public profile,research_and_enrich_before_outreach,ic_packs/name-county-primary-care-galway-city-east-health-centre-galway/ic_draft.html
Building Services Engineering Specialist,59.4,63.4,origination_ready,advertised_sale_listing,Northern Ireland,Industrials & Engineering,Capital Goods & Commercial Services,live listing,research_and_enrich_before_outreach,ic_packs/name-county-building-services-engineering-specialist-northern-ireland/ic_draft.html
Civil and Structural Engineering Consultancy,59.4,63.4,origination_ready,advertised_sale_listing,Ireland,Industrials & Engineering,Capital Goods & Commercial Services,live listing,research_and_enrich_before_outreach,ic_packs/name-county-civil-and-structural-engineering-consultancy-ireland/ic_draft.html
"Digital Marketing Company for Sale in Dublin, Ireland",59.1,63.1,origination_ready,advertised_sale_listing,Dublin,Media & Creative,Software & Services,live listing,research_and_enrich_before_outreach,ic_packs/name-county-digital-marketing-for-sale-in-dublin-ireland-dublin/ic_draft.html
Financial Advisory AR,59.1,63.1,origination_ready,advertised_sale_listing,Northern Ireland,Financial & Professional Services,Commercial & Professional Services,live listing,research_and_enrich_before_outreach,ic_packs/name-county-financial-advisory-ar-northern-ireland/ic_draft.html
"Tour Operator for Sale in Dublin, Ireland",59.1,63.1,origination_ready,advertised_sale_listing,Dublin,Transport & Logistics,Consumer Services,live listing,research_and_enrich_before_outreach,ic_packs/name-county-tour-operator-for-sale-in-dublin-ireland-dublin/ic_draft.html
CP CONTRACTS,58.5,62.5,origination_ready,advertised_sale_listing,Galway,Landscaping / Grounds Services,"Food, Beverage & Tobacco",public profile,research_and_enrich_before_outreach,ic_packs/name-county-cp-contracts-galway/ic_draft.html
Lucrative Wholesale Food Supplier Business In Connaught Galway,58.4,62.4,origination_ready,advertised_sale_listing,Galway,Food & Agribusiness,"Food, Beverage & Tobacco",live listing,research_and_enrich_before_outreach,ic_packs/name-county-lucrative-wholesale-food-supplier-business-in-connaught-galway-galway/ic_draft.html
Grealish Gas & Fuel Galway Limited,58.3,62.3,origination_ready,operating_sme,Galway,Food & Agribusiness,Energy,public profile,research_and_enrich_before_outreach,ic_packs/name-county-grealish-gas-fuel-galway-galway/ic_draft.html
Food Distribution Company in Limerick,57.4,61.4,origination_ready,advertised_sale_listing,Limerick,Food & Agribusiness,Real Estate Management & Development,live listing,research_and_enrich_before_outreach,ic_packs/name-county-food-distribution-in-limerick-limerick/ic_draft.html
HVAC Company With Recurring Revenue & Scalable Infras In Dublin,57.4,61.4,origination_ready,advertised_sale_listing,Dublin,Industrials & Engineering,Capital Goods & Commercial Services,live listing,research_and_enrich_before_outreach,ic_packs/name-county-hvac-with-recurring-revenue-scalable-infras-in-dublin-dublin/ic_draft.html
Lean Digital Interiors & E-Commerce,57.4,61.4,origination_ready,advertised_sale_listing,Ireland,Retail & Consumer,Software & Services,live listing,research_and_enrich_before_outreach,ic_packs/name-county-lean-digital-interiors-e-commerce-ireland/ic_draft.html
Legal Services and Solicitors' Firm,57.4,61.4,origination_ready,advertised_sale_listing,Tyrone,Financial & Professional Services,Commercial & Professional Services,live listing,research_and_enrich_before_outreach,ic_packs/name-county-legal-services-and-solicitors-firm-tyrone/ic_draft.html
"Newly Established Mechanical Services Company Seeking Loan in Dublin, Ireland",57.4,61.4,origination_ready,advertised_sale_listing,Dublin,Industrials & Engineering,Software & Services,live listing,research_and_enrich_before_outreach,ic_packs/name-county-newly-established-mechanical-services-seeking-loan-in-dublin-ireland-dublin/ic_draft.html
"Newly Established Specialty Pharmaceuticals Company Equity Stake For Sale in Dublin, Ireland",57.4,61.4,origination_ready,advertised_sale_listing,Dublin,Healthcare & Life Sciences,Health Care Equipment & Services,live listing,research_and_enrich_before_outreach,ic_packs/name-county-newly-established-specialty-pharmaceuticals-equity-stake-for-sale-in-dublin-ireland-/ic_draft.html
Professional Practice,57.4,61.4,origination_ready,advertised_sale_listing,Northern Ireland,Business Services,Commercial & Professional Services,live listing,research_and_enrich_before_outreach,ic_packs/name-county-professional-practice-northern-ireland/ic_draft.html
Turnkey Dental Practice With Expansion Potential In Dublin,57.4,61.4,origination_ready,advertised_sale_listing,Dublin,Healthcare & Life Sciences,Health Care Equipment & Services,live listing,research_and_enrich_before_outreach,ic_packs/name-county-turnkey-dental-practice-with-expansion-potential-in-dublin-dublin/ic_draft.html
Two-Way Communication Technology Distributor,57.4,61.4,origination_ready,advertised_sale_listing,Northern Ireland,Automotive,Commercial & Professional Services,live listing,research_and_enrich_before_outreach,ic_packs/name-county-two-way-communication-technology-distributor-northern-ireland/ic_draft.html
"Yoga Studio For Sale Dublin 15 | €60,000",57.4,61.4,origination_ready,advertised_sale_listing,Dublin,Construction & Built Environment,Software & Services,live listing,research_and_enrich_before_outreach,ic_packs/name-county-yoga-studio-for-sale-dublin-15-60-000-dublin/ic_draft.html
Boat and Vessel Design and Manufacturing,56.7,60.7,origination_ready,advertised_sale_listing,Ireland,Industrials & Engineering,Capital Goods & Commercial Services,live listing,research_and_enrich_before_outreach,ic_packs/name-county-boat-and-vessel-design-and-manufacturing-ireland/ic_draft.html
Fully Private Dentistry,56.7,60.7,origination_ready,advertised_sale_listing,Northern Ireland,Healthcare & Life Sciences,Health Care Equipment & Services,live listing,research_and_enrich_before_outreach,ic_packs/name-county-fully-private-dentistry-northern-ireland/ic_draft.html
Nationwide Agricultural Equipment,56.7,60.7,origination_ready,advertised_sale_listing,Ireland,Food & Agribusiness,"Food, Beverage & Tobacco",live listing,research_and_enrich_before_outreach,ic_packs/name-county-nationwide-agricultural-equipment-ireland/ic_draft.html
Specialist Signage and Fabrication Company,56.7,60.7,origination_ready,advertised_sale_listing,Ireland,Industrials & Engineering,Capital Goods & Commercial Services,live listing,research_and_enrich_before_outreach,ic_packs/name-county-specialist-signage-and-fabrication-ireland/ic_draft.html
Wholesaler and Distributor of Consumer Products,56.7,60.7,origination_ready,advertised_sale_listing,Northern Ireland,Food & Agribusiness,"Food, Beverage & Tobacco",live listing,research_and_enrich_before_outreach,ic_packs/name-county-wholesaler-and-distributor-of-consumer-products-northern-ireland/ic_draft.html
Greaney Glass Products Limited,56.2,60.2,origination_ready,operating_sme,Galway,Business Services,Capital Goods & Commercial Services,public profile,research_and_enrich_before_outreach,ic_packs/name-county-greaney-glass-products-galway/ic_draft.html
Claregalway Logistics Limited,55.9,59.9,origination_ready,operating_sme,Galway,Transport & Logistics,Capital Goods & Commercial Services,public profile,keep_on_watchlist,ic_packs/name-county-claregalway-logistics-galway/ic_draft.html
East Galway Quality Tool Hire Limited,55.9,59.9,origination_ready,operating_sme,Galway,Construction & Built Environment,Capital Goods & Commercial Services,public profile,keep_on_watchlist,ic_packs/name-county-east-galway-quality-tool-hire-galway/ic_draft.html
Galway Complete Roofing Limited,55.9,59.9,origination_ready,operating_sme,Galway,Construction & Built Environment,Capital Goods & Commercial Services,public profile,keep_on_watchlist,ic_packs/name-county-galway-complete-roofing-galway/ic_draft.html
Galway L-Zinc Roofing Limited,55.9,59.9,origination_ready,operating_sme,Galway,Construction & Built Environment,Consumer Services,public profile,keep_on_watchlist,ic_packs/name-county-galway-l-zinc-roofing-galway/ic_draft.html
Galway Tool and Mould Limited,55.9,59.9,origination_ready,operating_sme,Galway,Business Services,Commercial & Professional Services,public profile,keep_on_watchlist,ic_packs/name-county-galway-tool-and-mould-galway/ic_draft.html
O'Malley Construction (Claregalway No 1) Limited,55.9,59.9,origination_ready,operating_sme,Galway,Construction & Built Environment,Capital Goods & Commercial Services,public profile,keep_on_watchlist,ic_packs/name-county-o-malley-construction-claregalway-no-1-galway/ic_draft.html
Galway Truck Centre Limited,55.5,59.5,origination_ready,operating_sme,Galway,Automotive,Commercial & Professional Services,public profile,keep_on_watchlist,ic_packs/name-county-galway-truck-centre-galway/ic_draft.html
Successful Agricultural Consultancy Business In Galway City,55.2,59.2,origination_ready,advertised_sale_listing,Galway,Food & Agribusiness,"Food, Beverage & Tobacco",live listing,keep_on_watchlist,ic_packs/name-county-successful-agricultural-consultancy-business-in-galway-city-galway/ic_draft.html
Profitable Commercial Nursery for Sale in Galway,54.8,58.8,origination_ready,advertised_sale_listing,Galway,Retail & Consumer,Software & Services,live listing,keep_on_watchlist,ic_packs/name-county-profitable-commercial-nursery-for-sale-in-galway-galway/ic_draft.html
Established Industrial Engineering & Mechanical Services Business,54.7,58.7,origination_ready,advertised_sale_listing,Dublin,Industrials & Engineering,Capital Goods & Commercial Services,live listing,keep_on_watchlist,ic_packs/name-county-established-industrial-engineering-mechanical-services-business-dublin/ic_draft.html
Well-established Snack Distribution Business In Dublin,54.7,58.7,origination_ready,advertised_sale_listing,Dublin,Food & Agribusiness,Financial Services,live listing,keep_on_watchlist,ic_packs/name-county-well-established-snack-distribution-business-in-dublin-dublin/ic_draft.html
Traditional Irish Pub in Galway City,54.5,58.5,origination_ready,advertised_sale_listing,Galway,Food & Beverage,Real Estate Management & Development,live listing,keep_on_watchlist,ic_packs/name-county-traditional-irish-pub-in-galway-city-galway/ic_draft.html
Iclean Professional Cleaning Services Limited,54.2,58.2,origination_ready,operating_sme,Galway,Business Services,Capital Goods & Commercial Services,public profile,keep_on_watchlist,ic_packs/name-county-iclean-professional-cleaning-services-galway/ic_draft.html
Apprenticeship Training Provider,54.0,58.0,origination_ready,advertised_sale_listing,Northern Ireland,Business Services,Capital Goods & Commercial Services,live listing,keep_on_watchlist,ic_packs/name-county-apprenticeship-training-provider-northern-ireland/ic_draft.html
Freight Transport and Logistics Provider,54.0,58.0,origination_ready,advertised_sale_listing,Northern Ireland,Transport & Logistics,Capital Goods & Commercial Services,live listing,keep_on_watchlist,ic_packs/name-county-freight-transport-and-logistics-provider-northern-ireland/ic_draft.html
Printing and Office Equipment,54.0,58.0,origination_ready,advertised_sale_listing,Antrim,Business Services,Capital Goods & Commercial Services,live listing,keep_on_watchlist,ic_packs/name-county-printing-and-office-equipment-antrim/ic_draft.html
Road Sweeping & Maintenance Provider,54.0,58.0,origination_ready,advertised_sale_listing,Ireland,Transport & Logistics,Capital Goods & Commercial Services,live listing,keep_on_watchlist,ic_packs/name-county-road-sweeping-maintenance-provider-ireland/ic_draft.html
"Taxi Business Seeking Loan in Dublin, Ireland",54.0,58.0,origination_ready,advertised_sale_listing,Dublin,Transport & Logistics,Consumer Services,live listing,keep_on_watchlist,ic_packs/name-county-taxi-business-seeking-loan-in-dublin-ireland-dublin/ic_draft.html
Agricultural Inputs and Supplements Provider,45.3,57.3,research_needed,advertised_sale_listing,Northern Ireland,Food & Agribusiness,"Food, Beverage & Tobacco",live listing,keep_on_watchlist,ic_packs/name-county-agricultural-inputs-and-supplements-provider-northern-ireland/ic_draft.html
Wholesale Food Business,45.3,57.3,research_needed,advertised_sale_listing,Ireland,Food & Agribusiness,"Food, Beverage & Tobacco",live listing,keep_on_watchlist,ic_packs/name-county-wholesale-food-business-ireland/ic_draft.html
Wholesale Food Supply Specialist,45.3,57.3,research_needed,advertised_sale_listing,Northern Ireland,Food & Agribusiness,"Food, Beverage & Tobacco",live listing,keep_on_watchlist,ic_packs/name-county-wholesale-food-supply-specialist-northern-ireland/ic_draft.html
Chartered Physiotherapy Clinic In Leinster,45.1,57.1,research_needed,advertised_sale_listing,Dublin,Healthcare & Life Sciences,Health Care Equipment & Services,live listing,keep_on_watchlist,ic_packs/name-county-chartered-physiotherapy-clinic-in-leinster-dublin/ic_draft.html
Galway Car Care Limited,45.1,57.1,research_needed,operating_sme,Galway,Business Services,Health Care Equipment & Services,public profile,keep_on_watchlist,ic_packs/name-county-galway-car-care-galway/ic_draft.html
Candle Making Business In Galway City,45.0,57.0,research_needed,advertised_sale_listing,Galway,Industrials & Engineering,Media & Entertainment,live listing,keep_on_watchlist,ic_packs/name-county-candle-making-business-in-galway-city-galway/ic_draft.html
Galway Oven Cleaning Company Limited,44.9,56.9,research_needed,operating_sme,Galway,Business Services,Capital Goods & Commercial Services,public profile,keep_on_watchlist,ic_packs/name-county-galway-oven-cleaning-galway/ic_draft.html
Independent Electrical Wholesaler,44.6,56.6,research_needed,advertised_sale_listing,Northern Ireland,Food & Agribusiness,Utilities,live listing,keep_on_watchlist,ic_packs/name-county-independent-electrical-wholesaler-northern-ireland/ic_draft.html
Lakefront Hospitality Operation,43.8,55.8,research_needed,advertised_sale_listing,Ireland,Business Services,Capital Goods & Commercial Services,live listing,keep_on_watchlist,ic_packs/name-county-lakefront-hospitality-operation-ireland/ic_draft.html
Ireland Construction - #1 in Category - Highly Profitable w/ Growth Opportunity,43.4,55.4,research_needed,advertised_sale_listing,Dublin,Construction & Built Environment,Capital Goods & Commercial Services,live listing,keep_on_watchlist,ic_packs/name-county-ireland-construction-1-in-category-highly-profitable-w-growth-opportunity-dublin/ic_draft.html
Restaurant And Café Stylish Fit Out And Strong Brand,43.4,55.4,research_needed,advertised_sale_listing,Dublin,Construction & Built Environment,Consumer Services,live listing,keep_on_watchlist,ic_packs/name-county-restaurant-and-caf-stylish-fit-out-and-strong-brand-dublin/ic_draft.html
Traditional Turkish Barbers-city Centre Location,43.3,55.3,research_needed,advertised_sale_listing,Galway,,Commercial & Professional Services,live listing,keep_on_watchlist,ic_packs/name-county-traditional-turkish-barbers-city-centre-location-galway/ic_draft.html
Builders Supplies and Hardware,43.1,55.1,research_needed,advertised_sale_listing,Ireland,Retail & Consumer,Consumer Services,live listing,keep_on_watchlist,ic_packs/name-county-builders-supplies-and-hardware-ireland/ic_draft.html
"Car Wash Equity Stake For Sale in Letterkenny, Ireland",43.1,55.1,research_needed,advertised_sale_listing,Donegal,Automotive,Consumer Services,live listing,keep_on_watchlist,ic_packs/name-county-car-wash-equity-stake-for-sale-in-letterkenny-ireland-donegal/ic_draft.html
James Cunningham Heating Contractors (Galway) Limited,43.0,55.0,research_needed,operating_sme,Galway,Business Services,Commercial & Professional Services,public profile,keep_on_watchlist,ic_packs/name-county-james-cunningham-heating-contractors-galway-galway/ic_draft.html
Galway Maintenance Limited,42.6,54.6,research_needed,operating_sme,Galway,Business Services,Capital Goods & Commercial Services,public profile,keep_on_watchlist,ic_packs/name-county-galway-maintenance-galway/ic_draft.html
Galway Specsavers Hearcare Limited,42.6,54.6,research_needed,operating_sme,Galway,Business Services,Health Care Equipment & Services,public profile,keep_on_watchlist,ic_packs/name-county-galway-specsavers-hearcare-galway/ic_draft.html
Desmond Murphy Truck Sales (Galway ) Limited,42.4,54.4,research_needed,operating_sme,Galway,Automotive,Consumer Services,public profile,keep_on_watchlist,ic_packs/name-county-desmond-murphy-truck-sales-galway-galway/ic_draft.html
J. O'Toole & Sons (Galway) Limited,42.4,54.4,research_needed,operating_sme,Galway,Business Services,Commercial & Professional Services,public profile,keep_on_watchlist,ic_packs/name-county-j-o-toole-sons-galway-galway/ic_draft.html
Healy Electrical Galway Limited,42.2,54.2,research_needed,operating_sme,Galway,Business Services,Utilities,public profile,keep_on_watchlist,ic_packs/name-county-healy-electrical-galway-galway/ic_draft.html
Galway Tool & Mould Innovations Limited,42.1,54.1,research_needed,operating_sme,Galway,Business Services,Capital Goods & Commercial Services,public profile,keep_on_watchlist,ic_packs/name-county-galway-tool-mould-innovations-galway/ic_draft.html
Supplier of Outdoor Recreational Facilities,42.1,54.1,research_needed,advertised_sale_listing,Ireland,Business Services,Capital Goods & Commercial Services,live listing,keep_on_watchlist,ic_packs/name-county-supplier-of-outdoor-recreational-facilities-ireland/ic_draft.html
Agricultural Machinery Manufacturer and Supplier,41.9,53.9,research_needed,advertised_sale_listing,Ireland,Food & Agribusiness,Health Care Equipment & Services,live listing,keep_on_watchlist,ic_packs/name-county-agricultural-machinery-manufacturer-and-supplier-ireland/ic_draft.html
"Shellfish Processor, Wholesaler and Retailer",41.9,53.9,research_needed,advertised_sale_listing,Northern Ireland,Food & Agribusiness,"Food, Beverage & Tobacco",live listing,keep_on_watchlist,ic_packs/name-county-shellfish-processor-wholesaler-and-retailer-northern-ireland/ic_draft.html
Luxury B&B Business – Prestigious West Of Ireland,41.6,53.6,research_needed,advertised_sale_listing,Galway,Hospitality & Tourism,Commercial & Professional Services,live listing,keep_on_watchlist,ic_packs/name-county-luxury-b-b-business-prestigious-west-of-ireland-galway/ic_draft.html
Speciality Bread Manufacturer In Dublin,41.6,53.6,research_needed,advertised_sale_listing,Dublin,Food & Agribusiness,"Food, Beverage & Tobacco",live listing,keep_on_watchlist,ic_packs/name-county-speciality-bread-manufacturer-in-dublin-dublin/ic_draft.html
Salad Production Enterprise,41.4,53.4,research_needed,advertised_sale_listing,Ireland,Business Services,Capital Goods & Commercial Services,live listing,keep_on_watchlist,ic_packs/name-county-salad-production-enterprise-ireland/ic_draft.html
Established Pizzeria Restaurant l 3 Bed Apartment Galway,41.0,53.0,research_needed,advertised_sale_listing,Galway,,Consumer Services,live listing,keep_on_watchlist,ic_packs/name-county-established-pizzeria-restaurant-l-3-bed-apartment-galway-galway/ic_draft.html
Award-Winning Restaurant Group,40.4,52.4,research_needed,advertised_sale_listing,Northern Ireland,Hospitality & Tourism,Software & Services,live listing,keep_on_watchlist,ic_packs/name-county-award-winning-restaurant-group-northern-ireland/ic_draft.html
"Beauty Salon for Sale in County Meath, Ireland",40.4,52.4,research_needed,advertised_sale_listing,Meath,Retail & Consumer,Health Care Equipment & Services,live listing,keep_on_watchlist,ic_packs/name-county-beauty-salon-for-sale-in-county-meath-ireland-meath/ic_draft.html
"FinTech Company Equity Stake For Sale in Galway, Ireland",40.4,52.4,research_needed,advertised_sale_listing,Galway,Technology & IT Services,Software & Services,live listing,keep_on_watchlist,ic_packs/name-county-fintech-equity-stake-for-sale-in-galway-ireland-galway/ic_draft.html
"Playschool for Sale in Galway, Ireland",40.4,52.4,research_needed,advertised_sale_listing,Galway,Playschools,Software & Services,live listing,keep_on_watchlist,ic_packs/name-county-playschool-for-sale-in-galway-ireland-galway/ic_draft.html
Restaurant and Coffee House,40.4,52.4,research_needed,advertised_sale_listing,Ireland,Hospitality & Tourism,Consumer Services,live listing,keep_on_watchlist,ic_packs/name-county-restaurant-and-coffee-house-ireland/ic_draft.html
Restaurant with Apartment,40.4,52.4,research_needed,advertised_sale_listing,Galway,Hospitality & Tourism,Consumer Services,live listing,keep_on_watchlist,ic_packs/name-county-restaurant-with-apartment-galway/ic_draft.html
Leading Importer and Distributor of High-Quality Natural Stone and Porcelain Tiles,40.0,52.0,research_needed,advertised_sale_listing,Dublin,Food & Agribusiness,"Food, Beverage & Tobacco",live listing,keep_on_watchlist,ic_packs/name-county-leading-importer-and-distributor-of-high-quality-natural-stone-and-porcelain-tiles-d/ic_draft.html
Busy South Dublin Butcher Shop,39.9,51.9,research_needed,advertised_sale_listing,Dublin,Food & Agribusiness,Health Care Equipment & Services,live listing,keep_on_watchlist,ic_packs/name-county-busy-south-dublin-butcher-shop-dublin/ic_draft.html
Galway Catering Company Limited,39.8,51.8,research_needed,operating_sme,Galway,Hospitality & Tourism,Commercial & Professional Services,public profile,keep_on_watchlist,ic_packs/name-county-galway-catering-galway/ic_draft.html
Galway Fuel Supplies Limited,39.8,51.8,research_needed,operating_sme,Galway,Business Services,Energy,public profile,keep_on_watchlist,ic_packs/name-county-galway-fuel-supplies-galway/ic_draft.html
"Travel Portal Equity Stake For Sale in Dublin, Ireland",39.7,51.7,research_needed,advertised_sale_listing,Dublin,Hospitality & Tourism,Software & Services,live listing,keep_on_watchlist,ic_packs/name-county-travel-portal-equity-stake-for-sale-in-dublin-ireland-dublin/ic_draft.html
Successful Nutrition Coaching Business,39.4,51.4,research_needed,advertised_sale_listing,Galway,Business Services,Health Care Equipment & Services,live listing,keep_on_watchlist,ic_packs/name-county-successful-nutrition-coaching-business-galway/ic_draft.html
Specialist Chemical-Resistant Flooring Provider,39.2,51.2,research_needed,advertised_sale_listing,Northern Ireland,Hospitality & Tourism,"Food, Beverage & Tobacco",live listing,keep_on_watchlist,ic_packs/name-county-specialist-chemical-resistant-flooring-provider-northern-ireland/ic_draft.html
Temporary Event Flooring Specialist,39.2,51.2,research_needed,advertised_sale_listing,Ireland,Business Services,Commercial & Professional Services,live listing,keep_on_watchlist,ic_packs/name-county-temporary-event-flooring-specialist-ireland/ic_draft.html
Tuam Road Galway Service Station Limited,38.9,50.9,research_needed,operating_sme,Galway,Business Services,Energy,public profile,keep_on_watchlist,ic_packs/name-county-tuam-road-galway-service-station-galway/ic_draft.html
Accounting Firm for Sale,38.7,50.7,research_needed,advertised_sale_listing,Down,Business Services,Financial Services,live listing,keep_on_watchlist,ic_packs/name-county-accounting-firm-for-sale-down/ic_draft.html
Architectural Firm,38.7,50.7,research_needed,advertised_sale_listing,Ireland,Business Services,Commercial & Professional Services,live listing,keep_on_watchlist,ic_packs/name-county-architectural-firm-ireland/ic_draft.html
Award-Winning Luxury Beauty Salon-Absentee Owner,38.7,50.7,research_needed,advertised_sale_listing,Dublin,Retail & Consumer,Health Care Equipment & Services,live listing,keep_on_watchlist,ic_packs/name-county-award-winning-luxury-beauty-salon-absentee-owner-dublin/ic_draft.html
Bespoke Travel Management,38.7,50.7,research_needed,advertised_sale_listing,Ireland,Business Services,Commercial & Professional Services,live listing,keep_on_watchlist,ic_packs/name-county-bespoke-travel-management-ireland/ic_draft.html
Catering and Foodservice Equipment,38.7,50.7,research_needed,advertised_sale_listing,Ireland,Hospitality & Tourism,"Food, Beverage & Tobacco",live listing,keep_on_watchlist,ic_packs/name-county-catering-and-foodservice-equipment-ireland/ic_draft.html
Dining Establishment,38.7,50.7,research_needed,advertised_sale_listing,Ireland,Hospitality & Tourism,Consumer Services,live listing,keep_on_watchlist,ic_packs/name-county-dining-establishment-ireland/ic_draft.html
Electronic Security Solutions Provider,38.7,50.7,research_needed,advertised_sale_listing,Northern Ireland,Business Services,Capital Goods & Commercial Services,live listing,keep_on_watchlist,ic_packs/name-county-electronic-security-solutions-provider-northern-ireland/ic_draft.html
Established Vehicle Sales,38.7,50.7,research_needed,advertised_sale_listing,Ireland,Business Services,Consumer Services,live listing,keep_on_watchlist,ic_packs/name-county-established-vehicle-sales-ireland/ic_draft.html
Fibreboard Packaging and Print Solutions,38.7,50.7,research_needed,advertised_sale_listing,Ireland,Business Services,Materials,live listing,keep_on_watchlist,ic_packs/name-county-fibreboard-packaging-and-print-solutions-ireland/ic_draft.html
Frozen Food and Ice Cream,38.7,50.7,research_needed,advertised_sale_listing,Ireland,Business Services,"Food, Beverage & Tobacco",live listing,keep_on_watchlist,ic_packs/name-county-frozen-food-and-ice-cream-ireland/ic_draft.html
Gas Heating Service Provider,38.7,50.7,research_needed,advertised_sale_listing,Ireland,Automotive,Software & Services,live listing,keep_on_watchlist,ic_packs/name-county-gas-heating-service-provider-ireland/ic_draft.html
Hair Restoration Clinic,38.7,50.7,research_needed,advertised_sale_listing,Ireland,Business Services,Health Care Equipment & Services,live listing,keep_on_watchlist,ic_packs/name-county-hair-restoration-clinic-ireland/ic_draft.html
Heritage Consultancy,38.7,50.7,research_needed,advertised_sale_listing,Ireland,Business Services,Commercial & Professional Services,live listing,keep_on_watchlist,ic_packs/name-county-heritage-consultancy-ireland/ic_draft.html
IFA Business with Significant FUM,38.7,50.7,research_needed,advertised_sale_listing,Northern Ireland,Business Services,Commercial & Professional Services,live listing,keep_on_watchlist,ic_packs/name-county-ifa-business-with-significant-fum-northern-ireland/ic_draft.html
IFA with Recurring Revenue,38.7,50.7,research_needed,advertised_sale_listing,Northern Ireland,Business Services,Commercial & Professional Services,live listing,keep_on_watchlist,ic_packs/name-county-ifa-with-recurring-revenue-northern-ireland/ic_draft.html
Multi-Location Hair and Trichology,38.7,50.7,research_needed,advertised_sale_listing,Ireland,Business Services,Commercial & Professional Services,live listing,keep_on_watchlist,ic_packs/name-county-multi-location-hair-and-trichology-ireland/ic_draft.html
"Newly Established Music Production Business Equity Stake For Sale in Dublin, Ireland",38.7,50.7,research_needed,advertised_sale_listing,Dublin,Hospitality & Tourism,Media & Entertainment,live listing,keep_on_watchlist,ic_packs/name-county-newly-established-music-production-business-equity-stake-for-sale-in-dublin-ireland-/ic_draft.html
Niche Tour Operator,38.7,50.7,research_needed,advertised_sale_listing,Ireland,Retail & Consumer,Consumer Services,live listing,keep_on_watchlist,ic_packs/name-county-niche-tour-operator-ireland/ic_draft.html
Online Apparel Retailer,38.7,50.7,research_needed,advertised_sale_listing,Ireland,Business Services,Consumer Services,live listing,keep_on_watchlist,ic_packs/name-county-online-apparel-retailer-ireland/ic_draft.html
Premier Entertainment Centre,38.7,50.7,research_needed,advertised_sale_listing,Ireland,Business Services,Commercial & Professional Services,live listing,keep_on_watchlist,ic_packs/name-county-premier-entertainment-centre-ireland/ic_draft.html
"Profitable Consumer Electronics Company Seeking Loan in Dublin, Ireland",38.7,50.7,research_needed,advertised_sale_listing,Dublin,Business Services,Consumer Services,live listing,keep_on_watchlist,ic_packs/name-county-profitable-consumer-electronics-seeking-loan-in-dublin-ireland-dublin/ic_draft.html
Profitable Turnkey Newsagent,38.7,50.7,research_needed,advertised_sale_listing,Ireland,Business Services,Commercial & Professional Services,live listing,keep_on_watchlist,ic_packs/name-county-profitable-turnkey-newsagent-ireland/ic_draft.html
Pub and Restaurant for Lease,38.7,50.7,research_needed,advertised_sale_listing,Ireland,Hospitality & Tourism,Consumer Services,live listing,keep_on_watchlist,ic_packs/name-county-pub-and-restaurant-for-lease-ireland/ic_draft.html
Retailer and Distributor of Motorbikes,38.7,50.7,research_needed,advertised_sale_listing,Ireland,Business Services,Consumer Services,live listing,keep_on_watchlist,ic_packs/name-county-retailer-and-distributor-of-motorbikes-ireland/ic_draft.html
Retiring Accountant Firm,38.7,50.7,research_needed,advertised_sale_listing,Down,Business Services,Financial Services,live listing,keep_on_watchlist,ic_packs/name-county-retiring-accountant-firm-down/ic_draft.html
Tyre Service and Automotive Experts,38.7,50.7,research_needed,advertised_sale_listing,Ireland,Automotive,Commercial & Professional Services,live listing,keep_on_watchlist,ic_packs/name-county-tyre-service-and-automotive-experts-ireland/ic_draft.html
Manufacturer and Importer of School Furniture,38.0,50.0,research_needed,advertised_sale_listing,Ireland,Retail & Consumer,Consumer Services,live listing,keep_on_watchlist,ic_packs/name-county-manufacturer-and-importer-of-school-furniture-ireland/ic_draft.html
"Catering Business Equity Stake For Sale in Galway, Ireland",37.7,49.7,research_needed,advertised_sale_listing,Galway,Hospitality & Tourism,"Food, Beverage & Tobacco",live listing,keep_on_watchlist,ic_packs/name-county-catering-business-equity-stake-for-sale-in-galway-ireland-galway/ic_draft.html
Established Barbers Business In A Prime Central Location,37.7,49.7,research_needed,advertised_sale_listing,Galway,Business Services,Commercial & Professional Services,live listing,keep_on_watchlist,ic_packs/name-county-established-barbers-business-in-a-prime-central-location-galway/ic_draft.html
Well-Established Floral & Gifting Business W/Strong Brand Pres In Dublin,37.7,49.7,research_needed,advertised_sale_listing,Dublin,Business Services,Commercial & Professional Services,live listing,keep_on_watchlist,ic_packs/name-county-well-established-floral-gifting-business-w-strong-brand-pres-in-dublin-dublin/ic_draft.html
Sandyford to Dublin Airport Taxi Service,37.3,49.3,research_needed,advertised_sale_listing,Dublin,Business Services,Capital Goods & Commercial Services,live listing,keep_on_watchlist,ic_packs/name-county-sandyford-to-dublin-airport-taxi-service-dublin/ic_draft.html
East Galway Tyres Limited,36.2,48.2,research_needed,operating_sme,Galway,Automotive,Consumer Services,public profile,keep_on_watchlist,ic_packs/name-county-east-galway-tyres-galway/ic_draft.html
Galway Electrical Services Limited,36.2,48.2,research_needed,operating_sme,Galway,Business Services,Utilities,public profile,keep_on_watchlist,ic_packs/name-county-galway-electrical-services-galway/ic_draft.html
Galway Truck and Van Testing Centre Limited,36.2,48.2,research_needed,operating_sme,Galway,Automotive,Consumer Services,public profile,keep_on_watchlist,ic_packs/name-county-galway-truck-and-van-testing-centre-galway/ic_draft.html
Established Café And Bistro In Dun Laoghaire,36.0,48.0,research_needed,advertised_sale_listing,Dublin,Hospitality & Tourism,Consumer Services,live listing,keep_on_watchlist,ic_packs/name-county-established-caf-and-bistro-in-dun-laoghaire-dublin/ic_draft.html
Established Gas Heating Servicing And Repair Company In Dublin,36.0,48.0,research_needed,advertised_sale_listing,Dublin,Automotive,Software & Services,live listing,keep_on_watchlist,ic_packs/name-county-established-gas-heating-servicing-and-repair-in-dublin-dublin/ic_draft.html
Established Nail And Beauty Salon In North Dublin,36.0,48.0,research_needed,advertised_sale_listing,Dublin,Retail & Consumer,Consumer Services,live listing,keep_on_watchlist,ic_packs/name-county-established-nail-and-beauty-salon-in-north-dublin-dublin/ic_draft.html
Established Premium Hair Salon | Seller Financing Available In Dublin,36.0,48.0,research_needed,advertised_sale_listing,Dublin,Retail & Consumer,Consumer Services,live listing,keep_on_watchlist,ic_packs/name-county-established-premium-hair-salon-seller-financing-available-in-dublin-dublin/ic_draft.html
Established Removals & Transport Business In Dublin 11,36.0,48.0,research_needed,advertised_sale_listing,Dublin,Business Services,Capital Goods & Commercial Services,live listing,keep_on_watchlist,ic_packs/name-county-established-removals-transport-business-in-dublin-11-dublin/ic_draft.html
Hair And Beauty Salon In Dublin City Centre,36.0,48.0,research_needed,advertised_sale_listing,Dublin,Retail & Consumer,Consumer Services,live listing,keep_on_watchlist,ic_packs/name-county-hair-and-beauty-salon-in-dublin-city-centre-dublin/ic_draft.html
High-end Established South City Barbershop,36.0,48.0,research_needed,advertised_sale_listing,Dublin,Business Services,Financial Services,live listing,keep_on_watchlist,ic_packs/name-county-high-end-established-south-city-barbershop-dublin/ic_draft.html
Premier Hair Salon Iconic Brand In Dublin,36.0,48.0,research_needed,advertised_sale_listing,Dublin,Retail & Consumer,Consumer Services,live listing,keep_on_watchlist,ic_packs/name-county-premier-hair-salon-iconic-brand-in-dublin-dublin/ic_draft.html
Premium Hospitality Opportunity In South Dublin,36.0,48.0,research_needed,advertised_sale_listing,Dublin,Hospitality & Tourism,Financial Services,live listing,keep_on_watchlist,ic_packs/name-county-premium-hospitality-opportunity-in-south-dublin-dublin/ic_draft.html
Premium Multi-Salon Operation With Specialized Services,36.0,48.0,research_needed,advertised_sale_listing,Dublin,Business Services,Commercial & Professional Services,live listing,keep_on_watchlist,ic_packs/name-county-premium-multi-salon-operation-with-specialized-services-dublin/ic_draft.html
Profitable Dry Cleaning Business In Prime Dublin Location,36.0,48.0,research_needed,advertised_sale_listing,Dublin,Business Services,Capital Goods & Commercial Services,live listing,keep_on_watchlist,ic_packs/name-county-profitable-dry-cleaning-business-in-prime-dublin-location-dublin/ic_draft.html
"Profitable Travel Insurance Company for Sale in Dublin, Ireland",36.0,48.0,research_needed,advertised_sale_listing,Dublin,Business Services,Software & Services,live listing,keep_on_watchlist,ic_packs/name-county-profitable-travel-insurance-for-sale-in-dublin-ireland-dublin/ic_draft.html
Restaurent,36.0,48.0,research_needed,advertised_sale_listing,Dublin,Hospitality & Tourism,Consumer Services,live listing,keep_on_watchlist,ic_packs/name-county-restaurent-dublin/ic_draft.html
Well Established Profitable Hair And Beauty Salon Dublin6w,36.0,48.0,research_needed,advertised_sale_listing,Dublin,Retail & Consumer,Consumer Services,live listing,keep_on_watchlist,ic_packs/name-county-well-established-profitable-hair-and-beauty-salon-dublin6w-dublin/ic_draft.html
Well-established Bikram Yoga Business – Turnkey Operation,36.0,48.0,research_needed,advertised_sale_listing,Dublin,Business Services,Health Care Equipment & Services,live listing,keep_on_watchlist,ic_packs/name-county-well-established-bikram-yoga-business-turnkey-operation-dublin/ic_draft.html
Business Services,35.3,47.3,research_needed,advertised_sale_listing,Ireland,Business Services,Consumer Services,live listing,keep_on_watchlist,ic_packs/name-county-business-services-ireland/ic_draft.html
Company Formations and Secretarial Services,35.3,47.3,research_needed,advertised_sale_listing,Ireland,Business Services,Commercial & Professional Services,live listing,keep_on_watchlist,ic_packs/name-county-formations-and-secretarial-services-ireland/ic_draft.html
Contemporary Dining and Café,35.3,47.3,research_needed,advertised_sale_listing,Ireland,Hospitality & Tourism,Consumer Services,live listing,keep_on_watchlist,ic_packs/name-county-contemporary-dining-and-caf-ireland/ic_draft.html
Creative Graphics Technology,35.3,47.3,research_needed,advertised_sale_listing,Ireland,Business Services,Software & Services,live listing,keep_on_watchlist,ic_packs/name-county-creative-graphics-technology-ireland/ic_draft.html
Digital Commerce Advisory,35.3,47.3,research_needed,advertised_sale_listing,Ireland,Business Services,Commercial & Professional Services,live listing,keep_on_watchlist,ic_packs/name-county-digital-commerce-advisory-ireland/ic_draft.html
Distributor of Medical Equipment and Technology,35.3,47.3,research_needed,advertised_sale_listing,Northern Ireland,Business Services,Health Care Equipment & Services,live listing,keep_on_watchlist,ic_packs/name-county-distributor-of-medical-equipment-and-technology-northern-ireland/ic_draft.html
Luxury Beauty Spa and Retail,35.3,47.3,research_needed,advertised_sale_listing,Ireland,Retail & Consumer,Consumer Services,live listing,keep_on_watchlist,ic_packs/name-county-luxury-beauty-spa-and-retail-ireland/ic_draft.html
Luxury Coastal Boutique Hotel,35.3,47.3,research_needed,advertised_sale_listing,Cork,Hospitality & Tourism,Software & Services,live listing,keep_on_watchlist,ic_packs/name-county-luxury-coastal-boutique-hotel-cork/ic_draft.html
Luxury Hospitality Opportunity,35.3,47.3,research_needed,advertised_sale_listing,Ireland,Business Services,Commercial & Professional Services,live listing,keep_on_watchlist,ic_packs/name-county-luxury-hospitality-opportunity-ireland/ic_draft.html
Multi-Branch Health Retailer,35.3,47.3,research_needed,advertised_sale_listing,Ireland,Business Services,Health Care Equipment & Services,live listing,keep_on_watchlist,ic_packs/name-county-multi-branch-health-retailer-ireland/ic_draft.html
Packaging and Finishing Solutions,35.3,47.3,research_needed,advertised_sale_listing,Ireland,Business Services,Consumer Services,live listing,keep_on_watchlist,ic_packs/name-county-packaging-and-finishing-solutions-ireland/ic_draft.html
Provider of Specialist Security Services,35.3,47.3,research_needed,advertised_sale_listing,Northern Ireland,Business Services,Capital Goods & Commercial Services,live listing,keep_on_watchlist,ic_packs/name-county-provider-of-specialist-security-services-northern-ireland/ic_draft.html
Retail & Hospitality EPOS Software Company,35.3,47.3,research_needed,advertised_sale_listing,Northern Ireland,Technology & IT Services,Software & Services,live listing,keep_on_watchlist,ic_packs/name-county-retail-hospitality-epos-software-northern-ireland/ic_draft.html
Supplier and Manufacturer Specialist of Joinery,35.3,47.3,research_needed,advertised_sale_listing,Ireland,Business Services,Software & Services,live listing,keep_on_watchlist,ic_packs/name-county-supplier-and-manufacturer-specialist-of-joinery-ireland/ic_draft.html
Tyre Services and Roadside Assistance Specialist,35.3,47.3,research_needed,advertised_sale_listing,Northern Ireland,Automotive,Commercial & Professional Services,live listing,keep_on_watchlist,ic_packs/name-county-tyre-services-and-roadside-assistance-specialist-northern-ireland/ic_draft.html
Established Hair Salon In Galway City Centre,35.0,47.0,research_needed,advertised_sale_listing,Galway,Retail & Consumer,Consumer Services,live listing,keep_on_watchlist,ic_packs/name-county-established-hair-salon-in-galway-city-centre-galway/ic_draft.html
"Established, Fully Fitted Barbershop – Absentee Ownership",35.0,47.0,research_needed,advertised_sale_listing,Dublin,Business Services,Commercial & Professional Services,live listing,keep_on_watchlist,ic_packs/name-county-established-fully-fitted-barbershop-absentee-ownership-dublin/ic_draft.html
Successful Cafe In Lucan Village For Sub Let,35.0,47.0,research_needed,advertised_sale_listing,Dublin,Hospitality & Tourism,Commercial & Professional Services,live listing,keep_on_watchlist,ic_packs/name-county-successful-cafe-in-lucan-village-for-sub-let-dublin/ic_draft.html
Town Centre Pub With Full Kitchen & Seating In Dublin,35.0,47.0,research_needed,advertised_sale_listing,Dublin,Hospitality & Tourism,Commercial & Professional Services,live listing,keep_on_watchlist,ic_packs/name-county-town-centre-pub-with-full-kitchen-seating-in-dublin-dublin/ic_draft.html
Well-positioned Beauty & Aesthetics Clinic With Growth Potential,35.0,47.0,research_needed,advertised_sale_listing,Dublin,Retail & Consumer,Health Care Equipment & Services,live listing,keep_on_watchlist,ic_packs/name-county-well-positioned-beauty-aesthetics-clinic-with-growth-potential-dublin/ic_draft.html
1ST PORT OF GALWAY SEA SCOUTS COMPANY LIMITED BY GUARANTEE,34.9,46.9,research_needed,operating_sme,Galway,,Commercial & Professional Services,verified profile,keep_on_watchlist,ic_packs/cro-711992/ic_draft.html
Freehold Commercial for Residential Development Co Galway,34.2,46.2,research_needed,advertised_sale_listing,Galway,Hospitality & Tourism,"Food, Beverage & Tobacco",live listing,keep_on_watchlist,ic_packs/name-county-freehold-commercial-for-residential-development-galway-galway/ic_draft.html
Pizza And Kebab Takeaway And Restaurant,33.7,45.7,research_needed,advertised_sale_listing,Galway,Hospitality & Tourism,Consumer Services,live listing,keep_on_watchlist,ic_packs/name-county-pizza-and-kebab-takeaway-and-restaurant-galway/ic_draft.html
Established Café And Restaurant With Catering,33.3,45.3,research_needed,advertised_sale_listing,Dublin,Hospitality & Tourism,Consumer Services,live listing,keep_on_watchlist,ic_packs/name-county-established-caf-and-restaurant-with-catering-dublin/ic_draft.html
Established Florist Business With Strong Growth Potential,33.3,45.3,research_needed,advertised_sale_listing,Dublin,Business Services,Commercial & Professional Services,live listing,keep_on_watchlist,ic_packs/name-county-established-florist-business-with-strong-growth-potential-dublin/ic_draft.html
Established Print And Branding Studio W/loyal Client Base,33.3,45.3,research_needed,advertised_sale_listing,Dublin,Business Services,Software & Services,live listing,keep_on_watchlist,ic_packs/name-county-established-print-and-branding-studio-w-loyal-client-base-dublin/ic_draft.html
Floral & Gift Boutique - Absentee Owner In Dublin,33.3,45.3,research_needed,advertised_sale_listing,Dublin,Business Services,Commercial & Professional Services,live listing,keep_on_watchlist,ic_packs/name-county-floral-gift-boutique-absentee-owner-in-dublin-dublin/ic_draft.html
High-End Sustainable Hairdressing Salon In South Dublin,33.3,45.3,research_needed,advertised_sale_listing,Dublin,Business Services,Health Care Equipment & Services,live listing,keep_on_watchlist,ic_packs/name-county-high-end-sustainable-hairdressing-salon-in-south-dublin-dublin/ic_draft.html
Multi-Branch Retail Health Business,33.3,45.3,research_needed,advertised_sale_listing,Dublin,Business Services,Health Care Equipment & Services,live listing,keep_on_watchlist,ic_packs/name-county-multi-branch-retail-health-business-dublin/ic_draft.html
Pub Lease For Sale Dublin,33.3,45.3,research_needed,advertised_sale_listing,Dublin,Hospitality & Tourism,Consumer Services,live listing,keep_on_watchlist,ic_packs/name-county-pub-lease-for-sale-dublin-dublin/ic_draft.html
Small Group Training Gym In Dublin,33.3,45.3,research_needed,advertised_sale_listing,Dublin,Business Services,Commercial & Professional Services,live listing,keep_on_watchlist,ic_packs/name-county-small-group-training-gym-in-dublin-dublin/ic_draft.html
Thriving Urban Barber Shop With Strong Client Base in Dublin,33.3,45.3,research_needed,advertised_sale_listing,Dublin,Business Services,Commercial & Professional Services,live listing,keep_on_watchlist,ic_packs/name-county-thriving-urban-barber-shop-with-strong-client-base-in-dublin-dublin/ic_draft.html
Light Manufactoring Business,32.7,44.7,research_needed,advertised_sale_listing,Galway,Hospitality & Tourism,Commercial & Professional Services,live listing,defer_until_new_evidence,ic_packs/name-county-light-manufactoring-business-galway/ic_draft.html
"Beauty Clinic for Sale in Limerick, Ireland",32.6,44.6,research_needed,advertised_sale_listing,Limerick,Retail & Consumer,Health Care Equipment & Services,live listing,defer_until_new_evidence,ic_packs/name-county-beauty-clinic-for-sale-in-limerick-ireland-limerick/ic_draft.html
Boutique Hotel in Killarney,32.6,44.6,research_needed,advertised_sale_listing,Kerry,Hospitality & Tourism,Consumer Services,live listing,defer_until_new_evidence,ic_packs/name-county-boutique-hotel-in-killarney-kerry/ic_draft.html
"Business Opportunity, Ideal Add-on For A Restaurant",32.6,44.6,research_needed,advertised_sale_listing,Dublin,Hospitality & Tourism,Consumer Services,live listing,defer_until_new_evidence,ic_packs/name-county-business-opportunity-ideal-add-on-for-a-restaurant-dublin/ic_draft.html
Digital Marketing Agency in Dublin,32.6,44.6,research_needed,advertised_sale_listing,Dublin,Media & Creative,Media & Entertainment,live listing,defer_until_new_evidence,ic_packs/name-county-digital-marketing-agency-in-dublin-dublin/ic_draft.html
Exceptionally Popular Kids Play Centre In Dublin,32.6,44.6,research_needed,advertised_sale_listing,Dublin,Business Services,Capital Goods & Commercial Services,live listing,defer_until_new_evidence,ic_packs/name-county-exceptionally-popular-kids-play-centre-in-dublin-dublin/ic_draft.html
"Freehold Commercial Residential Accommodation l €88,400 PA Rental",32.6,44.6,research_needed,advertised_sale_listing,Galway,Business Services,Commercial & Professional Services,live listing,defer_until_new_evidence,ic_packs/name-county-freehold-commercial-residential-accommodation-l-88-400-pa-rental-galway/ic_draft.html
Invest In A Digitally Creative Graphics Platform,32.6,44.6,research_needed,advertised_sale_listing,Dublin,Business Services,Software & Services,live listing,defer_until_new_evidence,ic_packs/name-county-invest-in-a-digitally-creative-graphics-platform-dublin/ic_draft.html
Irish Craft & Gift Shop in Temple Bar,32.6,44.6,research_needed,advertised_sale_listing,Dublin,Hospitality & Tourism,Consumer Services,live listing,defer_until_new_evidence,ic_packs/name-county-irish-craft-gift-shop-in-temple-bar-dublin/ic_draft.html
Tech Startup in Cork,32.6,44.6,research_needed,advertised_sale_listing,Cork,Business Services,Consumer Services,live listing,defer_until_new_evidence,ic_packs/name-county-tech-startup-in-cork-cork/ic_draft.html
Hotel In Ireland With 135 Keys & Lakefront,32.5,44.5,research_needed,advertised_sale_listing,Galway,Hospitality & Tourism,Real Estate Management & Development,live listing,defer_until_new_evidence,ic_packs/name-county-hotel-in-ireland-with-135-keys-lakefront-galway/ic_draft.html
Training Institute Distributor Opportunity,32.3,44.3,research_needed,advertised_sale_listing,Ireland,Business Services,Consumer Services,live listing,defer_until_new_evidence,ic_packs/name-county-training-institute-distributor-opportunity-ireland/ic_draft.html
A & M RESTAURANT LIMITED,31.8,43.8,research_needed,operating_sme,Galway,,Commercial & Professional Services,verified profile,defer_until_new_evidence,ic_packs/cro-786116/ic_draft.html
Barbers For Sale – City Centre Location,31.7,43.7,research_needed,advertised_sale_listing,Galway,Business Services,Commercial & Professional Services,live listing,defer_until_new_evidence,ic_packs/name-county-barbers-for-sale-city-centre-location-galway/ic_draft.html
"Fully Equipped Gelato Business, Eyre Square Galway",31.6,43.6,research_needed,advertised_sale_listing,Galway,Hospitality & Tourism,Media & Entertainment,live listing,defer_until_new_evidence,ic_packs/name-county-fully-equipped-gelato-business-eyre-square-galway-galway/ic_draft.html
Turnkey Gym In Prime Location In Dublin,31.6,43.6,research_needed,advertised_sale_listing,Dublin,Business Services,Commercial & Professional Services,live listing,defer_until_new_evidence,ic_packs/name-county-turnkey-gym-in-prime-location-in-dublin-dublin/ic_draft.html
A. HARTMANN & SON LIMITED,31.4,43.4,research_needed,operating_sme,Galway,,Commercial & Professional Services,verified profile,defer_until_new_evidence,ic_packs/cro-59625/ic_draft.html
LAWN-KING LIMITED,31.4,43.4,research_needed,operating_sme,Galway,,Commercial & Professional Services,verified profile,defer_until_new_evidence,ic_packs/cro-222180/ic_draft.html
Integrated Security Solutions,31.0,43.0,research_needed,advertised_sale_listing,Galway,Business Services,Capital Goods & Commercial Services,live listing,defer_until_new_evidence,ic_packs/name-county-integrated-security-solutions-galway/ic_draft.html
126 ARTIST-RUN GALLERY & STUDIOS COMPANY LIMITED BY GUARANTEE,30.5,42.5,research_needed,operating_sme,Galway,,Commercial & Professional Services,verified profile,defer_until_new_evidence,ic_packs/cro-698394/ic_draft.html
Established Highly Profitable Newsagent South Dublin,30.0,42.0,research_needed,advertised_sale_listing,Dublin,Business Services,Commercial & Professional Services,live listing,defer_until_new_evidence,ic_packs/name-county-established-highly-profitable-newsagent-south-dublin-dublin/ic_draft.html
Established Online Fashion Retailer With Loyal Customer Base,30.0,42.0,research_needed,advertised_sale_listing,Dublin,Business Services,Consumer Services,live listing,defer_until_new_evidence,ic_packs/name-county-established-online-fashion-retailer-with-loyal-customer-base-dublin/ic_draft.html
Leading Medical Training Company In Dublin,30.0,42.0,research_needed,advertised_sale_listing,Dublin,Business Services,Commercial & Professional Services,live listing,defer_until_new_evidence,ic_packs/name-county-leading-medical-training-in-dublin-dublin/ic_draft.html
Medical Aesthetic Clinic,30.0,42.0,research_needed,advertised_sale_listing,Dublin,Business Services,Health Care Equipment & Services,live listing,defer_until_new_evidence,ic_packs/name-county-medical-aesthetic-clinic-dublin/ic_draft.html
A. O'TOOLE (CONFECTIONERS) LIMITED,24.4,24.4,discard,operating_sme,Galway,,Commercial & Professional Services,verified profile,defer_until_new_evidence,ic_packs/cro-72100/watch_note.md
Bonordic in Dublin,23.6,23.6,discard,advertised_sale_listing,Dublin,Retail & Consumer,Consumer Services,live listing,defer_until_new_evidence,ic_packs/name-county-bonordic-in-dublin-dublin/watch_note.md
Brian Tracy Solutions Leadership & Sales Training Consultancy in Galway,23.6,23.6,discard,advertised_sale_listing,Galway,Business Services,Commercial & Professional Services,live listing,defer_until_new_evidence,ic_packs/name-county-brian-tracy-solutions-leadership-sales-training-consultancy-in-galway-galway/watch_note.md
Brian Tracy Solutions Leadership & Sales Training Consultancy in Swords,23.6,23.6,discard,advertised_sale_listing,Dublin,Business Services,Commercial & Professional Services,live listing,defer_until_new_evidence,ic_packs/name-county-brian-tracy-solutions-leadership-sales-training-consultancy-in-swords-dublin/watch_note.md
Energie fitness in Dublin,23.6,23.6,discard,advertised_sale_listing,Dublin,Business Services,Commercial & Professional Services,live listing,defer_until_new_evidence,ic_packs/name-county-energie-fitness-in-dublin-dublin/watch_note.md
Energie fitness in Swords,23.6,23.6,discard,advertised_sale_listing,Dublin,Business Services,Commercial & Professional Services,live listing,defer_until_new_evidence,ic_packs/name-county-energie-fitness-in-swords-dublin/watch_note.md
Young Engineers Franchise in Dublin,23.6,23.6,discard,advertised_sale_listing,Dublin,Business Services,Commercial & Professional Services,live listing,defer_until_new_evidence,ic_packs/name-county-young-engineers-franchise-in-dublin-dublin/watch_note.md
(POLYCRAFTS IRELAND LIMITED) OLL CHEARD EIRE TEORANTA,23.1,23.1,discard,operating_sme,Galway,,Commercial & Professional Services,verified profile,defer_until_new_evidence,ic_packs/cro-106973/watch_note.md
2TYPE3 SUSTAINABILITY PARTNERS LIMITED,23.1,23.1,discard,operating_sme,Galway,,Commercial & Professional Services,verified profile,defer_until_new_evidence,ic_packs/cro-462330/watch_note.md
36 O'CONNELL STREET MANAGEMENT LIMITED,23.1,23.1,discard,operating_sme,Galway,,Commercial & Professional Services,verified profile,defer_until_new_evidence,ic_packs/cro-360393/watch_note.md
3D VENTURES LIMITED,23.1,23.1,discard,operating_sme,Galway,,Commercial & Professional Services,verified profile,defer_until_new_evidence,ic_packs/cro-470032/watch_note.md
A & M. DISTRIBUTORS LIMITED,23.1,23.1,discard,operating_sme,Galway,,Commercial & Professional Services,verified profile,defer_until_new_evidence,ic_packs/cro-226593/watch_note.md
A & P AVIATION LIMITED,23.1,23.1,discard,operating_sme,Galway,,Commercial & Professional Services,verified profile,defer_until_new_evidence,ic_packs/cro-189250/watch_note.md
A. B. C. CUISINES LIMITED,23.1,23.1,discard,operating_sme,Galway,,Commercial & Professional Services,verified profile,defer_until_new_evidence,ic_packs/cro-58944/watch_note.md
A. G. FEED LIMITED,23.1,23.1,discard,operating_sme,Galway,,Commercial & Professional Services,verified profile,defer_until_new_evidence,ic_packs/cro-347425/watch_note.md
A. K. D. LIMITED,23.1,23.1,discard,operating_sme,Galway,,Commercial & Professional Services,verified profile,defer_until_new_evidence,ic_packs/cro-75533/watch_note.md
A. LOOK LIMITED,23.1,23.1,discard,operating_sme,Galway,,Commercial & Professional Services,verified profile,defer_until_new_evidence,ic_packs/cro-322344/watch_note.md
A.1. DEV CHIMNEY CO. LIMITED,23.1,23.1,discard,operating_sme,Galway,,Commercial & Professional Services,verified profile,defer_until_new_evidence,ic_packs/cro-346214/watch_note.md
A.B.V.G. (A BRIGHTER VISION GENERALLY) LIMITED,23.1,23.1,discard,operating_sme,Galway,,Commercial & Professional Services,verified profile,defer_until_new_evidence,ic_packs/cro-465159/watch_note.md
A.E.R. LIMITED,23.1,23.1,discard,operating_sme,Galway,,Commercial & Professional Services,verified profile,defer_until_new_evidence,ic_packs/cro-240545/watch_note.md
A.M. & D. LIMITED,23.1,23.1,discard,operating_sme,Galway,,Commercial & Professional Services,verified profile,defer_until_new_evidence,ic_packs/cro-214417/watch_note.md
A.M.T. GALWAY LIMITED,23.1,23.1,discard,operating_sme,Galway,,Commercial & Professional Services,verified profile,defer_until_new_evidence,ic_packs/cro-162537/watch_note.md
GARDEN LEISURE PRODUCTS LIMITED/TROSCAN GHAIRDINI TEORANTA,23.1,23.1,discard,operating_sme,Galway,,"Food, Beverage & Tobacco",verified profile,defer_until_new_evidence,ic_packs/cro-157217/watch_note.md
GARDEN PRIDE TOOL HIRE LIMITED,23.1,23.1,discard,operating_sme,Galway,,"Food, Beverage & Tobacco",verified profile,defer_until_new_evidence,ic_packs/cro-369982/watch_note.md
LAWN RANGER LIMITED,23.1,23.1,discard,operating_sme,Galway,,Commercial & Professional Services,verified profile,defer_until_new_evidence,ic_packs/cro-345282/watch_note.md
40 DEGREES LIMITED,21.0,21.0,discard,operating_sme,Galway,,Commercial & Professional Services,verified profile,defer_until_new_evidence,ic_packs/cro-270945/watch_note.md
4D SOFTWARE LIMITED,21.0,21.0,discard,operating_sme,Galway,,Commercial & Professional Services,verified profile,defer_until_new_evidence,ic_packs/cro-406809/watch_note.md
A J D DEVELOPMENTS LIMITED,21.0,21.0,discard,operating_sme,Galway,,Commercial & Professional Services,verified profile,defer_until_new_evidence,ic_packs/cro-328171/watch_note.md
A.M. & D. HOLDINGS LIMITED,21.0,21.0,discard,operating_sme,Galway,,Commercial & Professional Services,verified profile,defer_until_new_evidence,ic_packs/cro-217915/watch_note.md
Successful Pizza Business In North Dublin,19.9,41.9,watchlist_only,advertised_sale_listing,Dublin,Business Services,Commercial & Professional Services,live listing,defer_until_new_evidence,ic_packs/name-county-successful-pizza-business-in-north-dublin-dublin/watch_note.md
The Cappuccino Bar,19.9,41.9,watchlist_only,advertised_sale_listing,Dublin,Hospitality & Tourism,Commercial & Professional Services,live listing,defer_until_new_evidence,ic_packs/name-county-cappuccino-bar-dublin/watch_note.md
Coworking Master License Opportunity In Ireland,19.3,41.3,watchlist_only,advertised_sale_listing,Dublin,Business Services,Commercial & Professional Services,live listing,defer_until_new_evidence,ic_packs/name-county-coworking-master-license-opportunity-in-ireland-dublin/watch_note.md
5SRE 5 STAR REAL ESTATE LIMITED,18.4,40.4,watchlist_only,operating_sme,Galway,,Commercial & Professional Services,verified profile,defer_until_new_evidence,ic_packs/cro-718110/watch_note.md
9TH IMPACT LIMITED,18.4,40.4,watchlist_only,operating_sme,Galway,,Commercial & Professional Services,verified profile,defer_until_new_evidence,ic_packs/cro-552335/watch_note.md
Bonordic in Galway,18.4,40.4,watchlist_only,advertised_sale_listing,Galway,Retail & Consumer,Consumer Services,live listing,defer_until_new_evidence,ic_packs/name-county-bonordic-in-galway-galway/watch_note.md
Greenfeet Lawn Care Franchise in South Dublin,17.7,39.7,watchlist_only,advertised_sale_listing,Dublin,Business Services,Health Care Equipment & Services,live listing,defer_until_new_evidence,ic_packs/name-county-greenfeet-lawn-care-franchise-in-south-dublin-dublin/watch_note.md
Activewear Brand Online Business,17.3,39.3,watchlist_only,advertised_sale_listing,Dublin,Business Services,Consumer Services,live listing,defer_until_new_evidence,ic_packs/name-county-activewear-brand-online-business-dublin/watch_note.md
Established Pizzeria Killarney,17.3,39.3,watchlist_only,advertised_sale_listing,Galway,Hospitality & Tourism,Consumer Services,live listing,defer_until_new_evidence,ic_packs/name-county-established-pizzeria-killarney-galway/watch_note.md
Established Tyre Shop/Service Business,17.3,39.3,watchlist_only,advertised_sale_listing,Dublin,Automotive,Commercial & Professional Services,live listing,defer_until_new_evidence,ic_packs/name-county-established-tyre-shop-service-business-dublin/watch_note.md
Turnkey Hair Salon For Sale in Dublin 24,17.3,39.3,watchlist_only,advertised_sale_listing,Dublin,Retail & Consumer,Consumer Services,live listing,defer_until_new_evidence,ic_packs/name-county-turnkey-hair-salon-for-sale-in-dublin-24-dublin/watch_note.md
Commercial Kitchen And Food Production Facility,16.6,38.6,watchlist_only,advertised_sale_listing,Dublin,Business Services,"Food, Beverage & Tobacco",live listing,defer_until_new_evidence,ic_packs/name-county-commercial-kitchen-and-food-production-facility-dublin/watch_note.md
E-commerce Store l €1200PM Profits,16.6,38.6,watchlist_only,advertised_sale_listing,Dublin,Retail & Consumer,Consumer Services,live listing,defer_until_new_evidence,ic_packs/name-county-e-commerce-store-l-1200pm-profits-dublin/watch_note.md
"Exceptional Restaurant, Takeaway",16.6,38.6,watchlist_only,advertised_sale_listing,Dublin,Hospitality & Tourism,"Food, Beverage & Tobacco",live listing,defer_until_new_evidence,ic_packs/name-county-exceptional-restaurant-takeaway-dublin/watch_note.md
Woodford Garden Centre,16.6,38.6,watchlist_only,advertised_sale_listing,Galway,Retail & Consumer,Real Estate Management & Development,live listing,defer_until_new_evidence,ic_packs/name-county-woodford-garden-centre-galway/watch_note.md
GPS Device Franchise Opportunity,15.8,37.8,watchlist_only,advertised_sale_listing,Ireland,Transport & Logistics,Consumer Services,live listing,defer_until_new_evidence,ic_packs/name-county-gps-device-franchise-opportunity-ireland/watch_note.md
A & S ROOFING & FLOORING LIMITED,15.0,37.0,watchlist_only,operating_sme,Galway,Construction Services,Capital Goods & Commercial Services,verified profile,defer_until_new_evidence,ic_packs/cro-89969/watch_note.md
A B P MANUFACTURING MACHINERY LIMITED,15.0,37.0,watchlist_only,operating_sme,Galway,Manufacturing,Capital Goods & Commercial Services,verified profile,defer_until_new_evidence,ic_packs/cro-463722/watch_note.md
A.1. BUILDERS LIMITED,15.0,37.0,watchlist_only,operating_sme,Galway,Construction Services,Capital Goods & Commercial Services,verified profile,defer_until_new_evidence,ic_packs/cro-129924/watch_note.md
Filling Stations,13.9,35.9,watchlist_only,advertised_sale_listing,Dublin,Retail & Consumer,Financial Services,live listing,defer_until_new_evidence,ic_packs/name-county-filling-stations-dublin/watch_note.md
Profitable And High Potential Natural Juices Business Ireland,13.9,35.9,watchlist_only,advertised_sale_listing,Dublin,Business Services,Commercial & Professional Services,live listing,defer_until_new_evidence,ic_packs/name-county-profitable-and-high-potential-natural-juices-business-ireland-dublin/watch_note.md
A.P. MCCARTHY PLANNING CONSULTANTS LIMITED,13.7,35.7,watchlist_only,operating_sme,Galway,Professional Services,Commercial & Professional Services,verified profile,defer_until_new_evidence,ic_packs/cro-328511/watch_note.md
A. M. S. ENGINEERING COMPANY LIMITED,12.3,34.3,watchlist_only,operating_sme,Galway,Engineering,Capital Goods & Commercial Services,verified profile,defer_until_new_evidence,ic_packs/cro-28525/watch_note.md
Surveillance Device Sales Partner Opportunity,11.6,33.6,watchlist_only,advertised_sale_listing,Ireland,Hospitality & Tourism,Software & Services,live listing,defer_until_new_evidence,ic_packs/name-county-surveillance-device-sales-partner-opportunity-ireland/watch_note.md
A & D; ADVERTISING AND DESIGN CONSULTANTS LIMITED,11.0,33.0,watchlist_only,operating_sme,Galway,Professional Services,Commercial & Professional Services,verified profile,defer_until_new_evidence,ic_packs/cro-234849/watch_note.md
A LEONARD MANAGEMENT & CONSULTING LIMITED,11.0,33.0,watchlist_only,operating_sme,Galway,Professional Services,Commercial & Professional Services,verified profile,defer_until_new_evidence,ic_packs/cro-481667/watch_note.md
GROUNDSOURCE LIMITED,10.1,32.1,watchlist_only,operating_sme,Galway,facilities,Capital Goods & Commercial Services,verified profile,defer_until_new_evidence,ic_packs/cro-385921/watch_note.md
KD ECO+ Laminates - Services Franchise in Dublin,9.7,31.7,watchlist_only,advertised_sale_listing,Dublin,Business Services,Health Care Equipment & Services,live listing,defer_until_new_evidence,ic_packs/name-county-kd-eco-laminates-services-franchise-in-dublin-dublin/watch_note.md
KD ECO+ Laminates - Services Franchise in Galway,9.7,31.7,watchlist_only,advertised_sale_listing,Galway,Business Services,Health Care Equipment & Services,live listing,defer_until_new_evidence,ic_packs/name-county-kd-eco-laminates-services-franchise-in-galway-galway/watch_note.md
A.E.D. SECURITY INSTALLATIONS LIMITED,8.4,30.4,watchlist_only,operating_sme,Galway,Facilities Services,Capital Goods & Commercial Services,verified profile,defer_until_new_evidence,ic_packs/cro-359827/watch_note.md
"High End Pizza Franchise - Only €5,000",7.6,29.6,watchlist_only,advertised_sale_listing,Dublin,Hospitality & Tourism,Consumer Services,live listing,defer_until_new_evidence,ic_packs/name-county-high-end-pizza-franchise-only-5-000-dublin/watch_note.md
Gym Franchise Opportunity,7.2,29.2,watchlist_only,advertised_sale_listing,Ireland,Business Services,Consumer Services,live listing,defer_until_new_evidence,ic_packs/name-county-gym-franchise-opportunity-ireland/watch_note.md
Best.Energy - Energy Monitoring Franchise in Dublin,7.0,29.0,watchlist_only,advertised_sale_listing,Dublin,Business Services,Energy,live listing,defer_until_new_evidence,ic_packs/name-county-best-energy-energy-monitoring-franchise-in-dublin-dublin/watch_note.md
Franchise Pizzeria Restaurant l 3 Bed Apartment Galway,6.7,28.7,watchlist_only,advertised_sale_listing,Galway,Hospitality & Tourism,Consumer Services,live listing,defer_until_new_evidence,ic_packs/name-county-franchise-pizzeria-restaurant-l-3-bed-apartment-galway-galway/watch_note.md
(NEW AGE OFFICE FURNITURE LIMITED) TROSCAN OIFIGE NA H'AOISE NUA TEORANTA,6.4,28.4,watchlist_only,operating_sme,Galway,,Commercial & Professional Services,verified profile,defer_until_new_evidence,ic_packs/cro-154946/watch_note.md
Multi-Site Fitness Franchise Portfolio – Ireland,5.0,27.0,watchlist_only,advertised_sale_listing,Dublin,Business Services,Software & Services,live listing,defer_until_new_evidence,ic_packs/name-county-multi-site-fitness-franchise-portfolio-ireland-dublin/watch_note.md
Evoglide Automotive Franchise in Dublin,4.3,26.3,watchlist_only,advertised_sale_listing,Dublin,Business Services,Commercial & Professional Services,live listing,defer_until_new_evidence,ic_packs/name-county-evoglide-automotive-franchise-in-dublin-dublin/watch_note.md
Four Star Pizza in Balbriggan,4.3,26.3,watchlist_only,advertised_sale_listing,Dublin,Business Services,Commercial & Professional Services,live listing,defer_until_new_evidence,ic_packs/name-county-four-star-pizza-in-balbriggan-dublin/watch_note.md
Gecko Hospitality Recruitment Franchise in Dublin,4.3,26.3,watchlist_only,advertised_sale_listing,Dublin,Business Services,Software & Services,live listing,defer_until_new_evidence,ic_packs/name-county-gecko-hospitality-recruitment-franchise-in-dublin-dublin/watch_note.md
Signarama International Master Franchise Opportunities,4.3,26.3,watchlist_only,advertised_sale_listing,Dublin,Business Services,Commercial & Professional Services,live listing,defer_until_new_evidence,ic_packs/name-county-signarama-international-master-franchise-opportunities-dublin/watch_note.md
Specialist Glass Repairs - Glass & Acrylic Repair Franchise in Dublin,4.3,26.3,watchlist_only,advertised_sale_listing,Dublin,Business Services,Commercial & Professional Services,live listing,defer_until_new_evidence,ic_packs/name-county-specialist-glass-repairs-glass-acrylic-repair-franchise-in-dublin-dublin/watch_note.md
WeddingBox Event Planning Franchise in Dublin,4.3,26.3,watchlist_only,advertised_sale_listing,Dublin,Business Services,Commercial & Professional Services,live listing,defer_until_new_evidence,ic_packs/name-county-weddingbox-event-planning-franchise-in-dublin-dublin/watch_note.md
GARDEN GREEN ENERGY LIMITED,3.8,25.8,watchlist_only,operating_sme,Galway,,"Food, Beverage & Tobacco",verified profile,defer_until_new_evidence,ic_packs/cro-463334/watch_note.md
